{
    "rmse": 0.8050134084464375,
    "mae": 0.6597691801315734,
    "r2": 0.008353821956042284
}