{
    "rmse": 0.8049672686562039,
    "mae": 0.6599689118606227,
    "r2": 0.008467492200395887
}